# ************************************************************
# Sequel Pro SQL dump
# Version 4541
#
# http://www.sequelpro.com/
# https://github.com/sequelpro/sequelpro
#
# Host: 127.0.0.1 (MySQL 5.5.5-10.2.14-MariaDB)
# Database: fashe
# Generation Time: 2019-04-18 00:43:27 +0000
# ************************************************************


/*!40101 SET @OLD_CHARACTER_SET_CLIENT=@@CHARACTER_SET_CLIENT */;
/*!40101 SET @OLD_CHARACTER_SET_RESULTS=@@CHARACTER_SET_RESULTS */;
/*!40101 SET @OLD_COLLATION_CONNECTION=@@COLLATION_CONNECTION */;
/*!40101 SET NAMES utf8 */;
/*!40014 SET @OLD_FOREIGN_KEY_CHECKS=@@FOREIGN_KEY_CHECKS, FOREIGN_KEY_CHECKS=0 */;
/*!40101 SET @OLD_SQL_MODE=@@SQL_MODE, SQL_MODE='NO_AUTO_VALUE_ON_ZERO' */;
/*!40111 SET @OLD_SQL_NOTES=@@SQL_NOTES, SQL_NOTES=0 */;


# Dump of table carts
# ------------------------------------------------------------

DROP TABLE IF EXISTS `carts`;

CREATE TABLE `carts` (
  `id` int(11) unsigned NOT NULL AUTO_INCREMENT,
  `user_id` int(10) unsigned NOT NULL,
  `product_id` int(10) unsigned NOT NULL,
  `price` int(10) unsigned DEFAULT NULL,
  `created_at` datetime NOT NULL,
  `updated_at` datetime NOT NULL,
  PRIMARY KEY (`id`)
) ENGINE=InnoDB DEFAULT CHARSET=utf8;

LOCK TABLES `carts` WRITE;
/*!40000 ALTER TABLE `carts` DISABLE KEYS */;

INSERT INTO `carts` (`id`, `user_id`, `product_id`, `price`, `created_at`, `updated_at`)
VALUES
	(1,9,34,39156,'2000-07-08 14:57:46','2003-05-24 10:16:35'),
	(2,2,16,15072,'1995-12-23 11:20:43','1997-03-13 03:34:36'),
	(3,6,32,25679,'2007-10-16 20:34:46','1978-04-28 04:19:25'),
	(4,8,35,48704,'1977-07-23 21:09:45','1990-03-09 02:00:53'),
	(5,7,9,22095,'1997-07-28 08:35:31','2007-10-05 21:13:21'),
	(6,6,17,35282,'2015-11-04 04:51:42','2005-12-18 12:02:05'),
	(7,3,39,46844,'1983-08-14 13:48:58','1971-03-16 23:10:25'),
	(8,3,64,30848,'2014-04-28 17:14:51','1998-06-22 07:54:22'),
	(9,8,36,39948,'2012-09-07 06:20:45','1978-07-08 00:47:26'),
	(10,6,6,29810,'1995-12-16 16:57:41','1982-02-12 08:49:48'),
	(11,4,46,37488,'1999-08-22 14:50:14','1996-11-28 19:46:30'),
	(12,1,61,29975,'1994-09-08 08:14:09','2004-07-04 00:23:14'),
	(13,10,88,15327,'2015-04-30 23:27:26','2010-03-13 14:26:37'),
	(14,1,20,32345,'1978-04-24 17:17:19','1984-03-04 09:49:38'),
	(15,7,22,11683,'1989-12-12 01:18:37','2012-01-11 03:49:34'),
	(16,4,53,14085,'2007-09-12 20:55:40','2005-11-23 04:19:39'),
	(17,6,53,27660,'1986-04-11 07:07:08','1996-03-12 19:11:14'),
	(18,7,14,38341,'1985-04-11 00:47:10','1990-07-13 23:17:42'),
	(19,9,41,386,'1983-01-18 14:04:24','2010-12-01 09:03:08'),
	(20,5,52,20680,'2010-01-05 07:05:01','2014-07-12 00:57:51'),
	(21,5,2,22953,'1988-09-03 06:47:30','2014-05-13 15:32:06'),
	(22,7,77,31156,'1982-10-19 06:11:39','1997-04-07 07:15:39'),
	(23,4,96,46977,'2013-01-15 22:05:03','1991-09-08 14:09:09'),
	(24,4,19,1332,'1993-12-16 10:54:53','2008-06-30 19:43:18'),
	(25,4,94,36009,'1995-02-26 03:50:55','2001-07-04 07:00:05'),
	(26,3,64,17642,'2011-11-27 23:01:45','1972-01-05 03:48:06'),
	(27,4,32,47441,'1978-10-02 05:27:45','2016-02-05 09:40:29'),
	(28,3,39,40756,'1972-04-19 02:13:43','1982-11-24 11:14:50'),
	(29,2,31,29310,'1995-09-14 07:53:33','1999-08-15 15:06:07'),
	(30,6,83,9645,'2001-10-10 05:27:16','1993-05-26 07:20:04'),
	(31,6,98,3542,'2009-01-23 01:51:12','1981-11-02 17:23:56'),
	(32,4,7,24814,'1983-06-18 07:15:42','1974-06-28 07:05:30'),
	(33,5,3,48639,'1975-05-01 05:41:23','2005-02-13 16:14:32'),
	(34,3,34,31010,'1994-03-05 15:13:05','1977-01-02 03:24:53'),
	(35,5,69,6000,'1981-08-18 20:11:05','2015-07-26 13:00:47'),
	(36,9,92,22585,'1995-01-24 17:04:08','1974-08-25 13:37:40'),
	(37,7,54,12849,'1970-10-29 19:38:21','2010-12-30 06:10:09'),
	(38,7,10,42494,'1998-09-04 03:40:24','1971-05-16 09:07:02'),
	(39,5,8,41560,'1984-10-15 14:11:21','2003-08-19 03:14:09'),
	(40,3,81,44306,'1995-05-27 03:29:11','2017-08-30 21:06:53'),
	(41,1,53,3556,'1999-02-11 09:00:53','2004-06-13 18:30:16'),
	(42,5,41,14479,'1972-01-29 03:08:51','2000-01-05 21:28:24'),
	(43,9,69,796,'1984-06-16 03:09:13','2013-01-26 09:04:22'),
	(44,8,4,15771,'1984-08-27 22:15:11','1997-10-27 00:20:37'),
	(45,10,37,15171,'2007-06-10 21:55:34','1985-03-17 11:09:32'),
	(46,9,51,24107,'2000-10-08 13:36:56','2010-04-18 20:58:08'),
	(47,4,22,27284,'1986-08-10 12:14:31','2000-07-25 06:47:18'),
	(48,6,84,34140,'2003-09-01 18:51:06','1990-04-11 18:49:32'),
	(49,3,78,6541,'1973-11-29 13:49:27','1974-02-11 06:25:21'),
	(50,2,66,46772,'1985-11-03 17:05:36','1979-06-25 08:41:51'),
	(51,5,2,720,'1999-09-27 13:24:30','1970-07-30 07:52:15'),
	(52,6,16,12450,'2003-07-18 21:03:18','2015-06-27 21:40:18'),
	(53,6,26,13012,'2012-05-18 13:14:34','1989-04-28 03:21:52'),
	(54,3,4,13042,'1989-05-24 23:17:58','1989-05-13 11:53:38'),
	(55,4,53,33601,'1993-08-25 09:32:22','2010-09-19 06:25:09'),
	(56,9,35,7432,'2013-02-03 23:36:49','1974-03-31 02:30:10'),
	(57,1,28,44319,'1980-04-23 19:42:03','1975-09-16 22:45:19'),
	(58,8,90,35287,'1995-02-01 00:14:06','1974-03-30 04:14:37'),
	(59,10,53,18819,'2012-05-12 21:58:21','1997-11-07 07:06:08'),
	(60,10,95,20894,'2008-04-06 06:27:06','2016-03-20 12:47:59'),
	(61,9,80,49805,'1983-04-30 08:20:22','1997-08-08 15:49:31'),
	(62,5,23,36018,'1997-09-30 05:23:10','1988-04-28 05:32:12'),
	(63,1,2,30059,'1975-01-30 03:12:43','2006-03-10 12:36:06'),
	(64,1,25,22979,'1975-10-13 21:46:06','1992-09-20 08:07:44'),
	(65,8,23,26862,'1985-06-27 05:16:36','1997-02-14 18:27:15'),
	(66,9,26,47795,'1980-04-05 11:57:09','1995-06-03 13:51:17'),
	(67,3,48,3828,'2003-08-15 03:41:17','2010-01-30 09:58:16'),
	(68,5,80,18989,'2004-01-02 16:27:08','1985-07-26 01:17:01'),
	(69,8,66,32992,'1980-03-30 00:50:34','1977-05-28 01:26:35'),
	(70,9,7,39241,'1997-08-27 07:18:44','1973-04-18 18:18:39'),
	(71,2,68,31566,'2014-09-29 10:06:52','1990-05-31 09:48:26'),
	(72,5,25,18114,'1987-05-09 00:54:52','1977-05-17 02:06:11'),
	(73,10,15,14144,'1994-02-22 23:22:43','2000-02-10 19:10:55'),
	(74,2,92,12055,'2001-01-22 13:11:45','1983-12-12 04:50:05'),
	(75,7,8,2654,'1983-12-05 09:15:17','2002-12-09 14:36:24'),
	(76,9,57,20272,'1995-07-13 00:16:27','2016-10-09 17:58:52'),
	(77,9,32,40158,'1970-11-16 06:41:52','2002-12-17 19:20:26'),
	(78,8,89,18082,'1996-05-23 04:12:02','1974-08-28 04:16:32'),
	(79,4,86,557,'1983-03-23 03:23:51','2016-08-27 18:53:22'),
	(80,2,13,22403,'1992-03-02 09:35:35','2012-05-12 13:04:17'),
	(81,1,3,30329,'1999-11-15 16:03:34','1979-02-24 22:05:34'),
	(82,4,33,15209,'2007-09-17 23:02:55','1987-06-09 09:24:57'),
	(83,6,79,38432,'1984-07-27 01:59:49','2018-09-17 02:16:58'),
	(84,2,24,29094,'1977-03-31 12:29:23','2002-04-12 17:58:02'),
	(85,5,96,9957,'2017-09-09 17:44:07','2010-07-23 12:24:24'),
	(86,3,64,34020,'1983-04-13 21:11:55','1986-07-05 01:37:08'),
	(87,7,70,22991,'2016-11-01 07:43:20','1998-07-23 13:38:07'),
	(88,9,59,48583,'2016-12-03 23:47:47','1991-08-03 04:04:04'),
	(89,9,3,17118,'2008-03-13 01:01:55','1994-07-10 06:08:15'),
	(90,5,52,25121,'1984-10-01 00:28:49','2001-06-26 06:24:35'),
	(91,1,37,16173,'1989-10-09 07:13:16','1980-09-15 16:09:00'),
	(92,1,98,4479,'2000-06-24 11:21:03','1995-07-26 21:58:04'),
	(93,7,88,26061,'2011-01-23 20:02:33','1974-07-15 05:27:46'),
	(94,9,2,16147,'1999-11-05 19:21:25','1986-02-24 02:02:52'),
	(95,8,100,41393,'1983-10-03 03:40:58','2000-06-13 07:19:17'),
	(96,2,82,47381,'1979-01-04 11:14:19','2007-11-26 23:04:35'),
	(97,1,53,12346,'1986-10-17 12:06:38','1987-06-26 14:03:14'),
	(98,2,53,13714,'2005-12-13 20:08:13','2013-02-15 01:38:54'),
	(99,4,26,11616,'1993-03-07 02:39:00','1978-12-09 11:42:46'),
	(100,8,76,22327,'1986-11-23 04:17:58','1986-09-18 17:54:13');

/*!40000 ALTER TABLE `carts` ENABLE KEYS */;
UNLOCK TABLES;


# Dump of table orders
# ------------------------------------------------------------

DROP TABLE IF EXISTS `orders`;

CREATE TABLE `orders` (
  `id` int(11) unsigned NOT NULL AUTO_INCREMENT,
  `user_id` int(10) unsigned NOT NULL,
  `cart_id` int(10) unsigned NOT NULL,
  `created_at` datetime NOT NULL,
  `updated_at` datetime NOT NULL,
  PRIMARY KEY (`id`)
) ENGINE=InnoDB DEFAULT CHARSET=utf8;

LOCK TABLES `orders` WRITE;
/*!40000 ALTER TABLE `orders` DISABLE KEYS */;

INSERT INTO `orders` (`id`, `user_id`, `cart_id`, `created_at`, `updated_at`)
VALUES
	(1,8,19,'1984-08-15 21:35:24','2015-11-02 13:35:54'),
	(2,4,68,'2012-12-18 09:11:57','2019-03-31 15:45:05'),
	(3,1,30,'2009-01-14 11:46:52','1997-08-14 22:42:02'),
	(4,9,52,'1973-06-13 11:41:00','1986-10-08 23:43:29'),
	(5,5,24,'2013-12-31 19:15:05','2017-05-19 02:17:07'),
	(6,6,12,'1970-12-23 07:28:58','1971-09-17 12:34:54'),
	(7,9,91,'2007-05-18 09:38:47','1999-07-16 09:00:56'),
	(8,5,49,'2001-11-06 06:04:26','1983-08-18 22:49:46'),
	(9,3,90,'1992-06-30 05:52:36','2009-04-09 09:52:57'),
	(10,4,41,'1994-08-22 00:08:27','2013-05-17 13:55:00'),
	(11,10,81,'2017-05-24 17:35:20','2009-02-13 16:50:08'),
	(12,8,1,'1982-05-29 20:00:35','1974-09-03 11:01:15'),
	(13,6,66,'1996-05-20 11:23:16','1996-03-29 08:37:35'),
	(14,1,2,'1974-07-09 03:05:28','1982-12-30 06:08:23'),
	(15,9,35,'1987-12-29 10:39:17','1997-07-03 07:00:27'),
	(16,4,58,'1982-05-25 04:32:41','2015-04-12 23:06:46'),
	(17,6,66,'1992-09-21 09:18:11','2004-03-15 19:32:42'),
	(18,3,56,'2000-03-19 18:17:55','1980-12-27 15:25:23'),
	(19,10,10,'1971-09-23 10:35:44','1984-09-04 01:02:24'),
	(20,1,43,'1993-02-11 04:44:33','1995-03-25 08:37:35'),
	(21,4,60,'1993-03-23 00:33:36','2007-08-08 12:56:43'),
	(22,6,23,'1989-09-11 17:54:33','1987-01-13 14:21:02'),
	(23,5,4,'1972-08-28 12:47:22','2014-08-14 09:29:33'),
	(24,8,79,'2019-01-28 11:47:11','2007-04-05 16:41:22'),
	(25,10,8,'1986-01-15 19:27:58','1994-11-26 16:13:09'),
	(26,2,91,'1994-08-03 12:22:15','1995-11-27 20:25:22'),
	(27,9,94,'1971-02-04 13:11:52','1979-05-06 20:37:57'),
	(28,10,45,'2001-05-30 12:40:03','2012-06-25 14:59:58'),
	(29,6,92,'2007-09-05 11:18:55','2015-08-30 23:30:35'),
	(30,5,47,'1977-04-10 19:05:33','2005-07-14 18:58:48'),
	(31,3,82,'2007-10-06 12:13:10','2018-01-14 17:47:29'),
	(32,1,81,'1992-06-26 18:18:21','1978-11-24 09:04:04'),
	(33,5,30,'1970-04-21 05:21:03','1987-07-08 13:45:04'),
	(34,4,43,'1984-07-12 09:13:37','1975-11-07 02:13:04'),
	(35,4,44,'2017-01-17 06:04:40','1984-05-18 14:02:22'),
	(36,9,72,'2005-04-15 10:17:42','1973-07-24 08:19:41'),
	(37,1,39,'2000-02-26 16:30:46','2002-02-06 02:46:51'),
	(38,10,53,'2003-12-24 10:05:16','2011-08-16 01:01:48'),
	(39,5,65,'2017-12-22 03:23:23','1975-07-23 03:46:43'),
	(40,4,35,'2010-05-05 13:06:13','1971-02-08 12:05:51'),
	(41,8,50,'2008-07-29 23:00:58','1970-11-14 17:59:02'),
	(42,3,61,'2002-06-05 11:24:08','2008-04-16 17:00:33'),
	(43,5,16,'2005-11-15 02:42:04','2007-10-12 00:48:31'),
	(44,1,2,'2000-07-11 22:41:16','1975-05-27 02:34:12'),
	(45,1,52,'1996-04-21 17:04:19','1979-05-18 04:58:31'),
	(46,5,34,'2016-11-30 11:09:33','2017-09-20 15:11:40'),
	(47,4,52,'1975-10-31 14:14:24','2007-08-09 20:47:49'),
	(48,2,81,'1985-06-10 07:00:15','1974-12-13 13:30:48'),
	(49,9,51,'2018-01-15 12:42:49','1978-07-04 16:08:53'),
	(50,3,19,'2016-08-30 01:28:57','2010-04-14 14:15:08');

/*!40000 ALTER TABLE `orders` ENABLE KEYS */;
UNLOCK TABLES;


# Dump of table products
# ------------------------------------------------------------

DROP TABLE IF EXISTS `products`;

CREATE TABLE `products` (
  `id` int(11) unsigned NOT NULL AUTO_INCREMENT,
  `user_id` int(10) unsigned NOT NULL,
  `image` varchar(255) NOT NULL DEFAULT '',
  `title` varchar(255) NOT NULL DEFAULT '',
  `description` longtext NOT NULL,
  `price` int(10) unsigned NOT NULL,
  `created_at` datetime NOT NULL,
  `updated_at` datetime NOT NULL,
  PRIMARY KEY (`id`)
) ENGINE=InnoDB DEFAULT CHARSET=utf8;

LOCK TABLES `products` WRITE;
/*!40000 ALTER TABLE `products` DISABLE KEYS */;

INSERT INTO `products` (`id`, `user_id`, `image`, `title`, `description`, `price`, `created_at`, `updated_at`)
VALUES
	(1,4,'http://lorempixel.com/640/480/','Cupiditate velit voluptas incidunt eveniet eveniet ut dolor.','Voluptatem est velit commodi aliquam cupiditate veritatis ea. Iste rerum dolores voluptas dolores laborum temporibus voluptate. Eveniet id sed harum dolore possimus. Accusamus reprehenderit molestias accusamus.',68052,'1981-11-16 12:35:32','2010-01-29 06:03:58'),
	(2,4,'http://lorempixel.com/640/480/','Repellendus ipsam consequatur modi voluptatem est enim necessitatibus.','Dolorum cupiditate voluptatem saepe in quia aut accusantium. Illum illo dolorum incidunt. Eum culpa et illum cupiditate enim saepe non. Mollitia placeat temporibus nostrum exercitationem est explicabo ut. Natus dolorum qui dignissimos delectus.',12542,'2018-11-17 11:15:20','1977-11-22 01:16:27'),
	(3,1,'http://lorempixel.com/640/480/','Voluptate animi veniam esse vitae rem magnam deleniti.','Aspernatur voluptas non reiciendis dolore architecto. Error similique quia maxime et. Eum tempora deserunt consequatur.',78670,'1989-12-09 08:04:27','2002-08-13 22:47:32'),
	(4,1,'http://lorempixel.com/640/480/','Velit ullam distinctio est magni ipsam sint maxime delectus.','Autem deleniti non odit qui ut nobis. Saepe quia ab aut. Quibusdam est laudantium aut ipsa deleniti. Sapiente deserunt dolore ut iure sed. Accusamus saepe soluta consectetur earum nesciunt.',63642,'1977-06-15 03:21:06','1987-10-10 15:05:19'),
	(5,9,'http://lorempixel.com/640/480/','Saepe cumque sunt delectus quae.','Doloribus ullam impedit id aut consequuntur nostrum qui sint. Recusandae consectetur amet minima expedita. Voluptatem dicta architecto in ullam dolorem similique iusto aut.',37439,'2009-11-15 13:14:26','2005-08-20 09:36:47'),
	(6,3,'http://lorempixel.com/640/480/','Numquam et nobis provident vel vero cumque.','Eos molestiae voluptatem totam repellat aliquid repellendus. A est recusandae placeat odit blanditiis molestiae minima laboriosam. Et libero iusto facilis magni rerum ad consequatur. Non tempora perferendis iure id quasi dolores.',88026,'1971-09-13 12:12:32','2010-03-23 09:49:17'),
	(7,7,'http://lorempixel.com/640/480/','Et ab et unde adipisci rem sit iste.','Vel doloremque nobis sit. Recusandae sint enim similique ipsum explicabo qui dignissimos et. Odio dolorem magnam ut quod velit non enim. Molestiae alias est aliquid occaecati consequatur id.',58406,'2008-06-27 11:33:15','1970-03-04 10:05:31'),
	(8,5,'http://lorempixel.com/640/480/','Ut cum quia illum consequatur.','Fugiat in fuga facilis. Fugit sint voluptate dolorem odio rerum. Fugit quis numquam earum numquam iste illum excepturi.',11623,'2016-03-05 15:02:38','2012-12-29 23:45:01'),
	(9,10,'http://lorempixel.com/640/480/','Placeat ab dolor eum odio optio.','Asperiores minima dolor ipsam id. Reprehenderit omnis quis incidunt voluptatibus recusandae deleniti. Qui vel itaque praesentium sequi. Quisquam labore eum consectetur ut non.',62572,'1976-01-12 06:16:02','2001-05-28 23:11:47'),
	(10,8,'http://lorempixel.com/640/480/','Sunt et omnis quasi molestias.','Iusto id cum asperiores. Optio beatae omnis corporis similique. Qui officiis et officiis earum natus id. Sit sed facilis aliquid qui necessitatibus. Tempora enim voluptates odit assumenda inventore nihil.',26724,'2018-04-04 08:15:58','1980-06-14 03:37:19'),
	(11,7,'http://lorempixel.com/640/480/','Vel nostrum est tenetur non.','Veniam est ab et qui qui odio. Necessitatibus commodi aut qui sint sed velit. Quia natus id tenetur laboriosam et odit omnis. Reiciendis eos voluptatum et ducimus hic minima.',73652,'1972-10-02 17:51:19','1976-10-24 18:20:28'),
	(12,4,'http://lorempixel.com/640/480/','Ut fuga maxime consequatur a ullam voluptate.','Officiis molestiae non ex unde at. Doloribus blanditiis qui quis facere ipsa. Sunt excepturi porro ipsa culpa est ea dolorem. Natus autem eos quas aperiam vero.',9240,'1974-06-03 20:10:02','1979-07-10 20:39:02'),
	(13,2,'http://lorempixel.com/640/480/','Nesciunt adipisci quibusdam autem sit.','Assumenda voluptate excepturi doloremque adipisci id. Voluptas vel voluptatem tempora ea nobis aut iste. Sapiente soluta autem doloribus corrupti molestias amet. Quisquam quo et vero labore sed fugiat temporibus.',13309,'1978-02-22 00:49:43','2000-12-26 14:37:17'),
	(14,3,'http://lorempixel.com/640/480/','Dolor aut aperiam et alias.','Odit voluptatem quo incidunt sit iste molestiae quas. In fugit et inventore eveniet voluptatem. Sed eligendi et occaecati aut eveniet provident earum. Itaque vitae ab rerum velit id quas.',71529,'2018-04-06 21:23:45','1975-05-11 20:07:23'),
	(15,2,'http://lorempixel.com/640/480/','Qui voluptas reprehenderit quidem delectus veniam vel ut.','Nulla modi error et. Officiis dolore impedit est ad quae. Ullam molestiae officiis quaerat rem amet.',17538,'1985-12-14 18:32:19','1980-02-18 20:03:22'),
	(16,7,'http://lorempixel.com/640/480/','Cumque praesentium non ut autem minima ea.','Aut eum laborum quae voluptas velit doloribus. Occaecati iure accusantium neque est incidunt tempore modi. Consectetur odit deleniti quia repellendus illo earum. Saepe tempora magnam nihil.',84908,'2016-06-29 11:58:40','1973-06-01 22:40:06'),
	(17,6,'http://lorempixel.com/640/480/','Nulla necessitatibus modi laboriosam molestias eaque facilis accusantium rem.','Totam nobis soluta qui corrupti. Ut atque nulla eveniet expedita eius. Delectus tenetur voluptatem illo sint. Deleniti in et quia optio.',33150,'1981-02-05 00:08:34','2003-09-28 03:09:41'),
	(18,5,'http://lorempixel.com/640/480/','Aperiam quia rerum aut optio.','Quam est debitis illum. Voluptate excepturi sint laboriosam dolorem voluptatem quae dignissimos amet. Enim labore voluptatem velit et fugit nihil.',91390,'2016-10-09 23:38:36','1975-07-12 23:12:45'),
	(19,5,'http://lorempixel.com/640/480/','Et est amet totam soluta ducimus.','Et ut aut quo repellendus aspernatur optio non temporibus. Ducimus voluptas doloremque est aut sapiente. Laboriosam labore explicabo quia mollitia. Delectus dolorem mollitia modi reiciendis nihil.',32191,'1995-12-30 05:47:30','1985-11-24 15:33:25'),
	(20,3,'http://lorempixel.com/640/480/','Voluptatum sit odit eveniet error ullam dolorem.','Consequatur sunt qui ad repellendus. Ullam rerum corporis necessitatibus explicabo. Consequatur voluptate optio velit ut at accusamus atque consequuntur.',34772,'2003-04-23 00:00:08','1985-10-28 23:19:02'),
	(21,6,'http://lorempixel.com/640/480/','Harum incidunt ipsum rem molestiae ut vitae sunt.','Optio est dolor quia aut eos et dolores perspiciatis. Qui nemo odio inventore vero dolor. Voluptatum ut qui incidunt magnam ipsam voluptatem. Est sapiente quis vel in. Sapiente hic asperiores consequatur quia enim deleniti sed.',76710,'1985-02-22 10:18:21','2006-04-26 14:44:47'),
	(22,4,'http://lorempixel.com/640/480/','Sit alias sed qui quia ducimus consequatur.','Voluptates eum a voluptas vel officia. Sint animi reiciendis maxime eligendi ipsa. Neque nisi sint voluptatem numquam. Voluptatem enim nisi laboriosam sit.',22726,'2006-04-04 10:52:11','1976-08-18 17:31:01'),
	(23,9,'http://lorempixel.com/640/480/','Debitis omnis eveniet ex voluptates iste pariatur.','Ut repellat alias delectus ipsa quos voluptate possimus. Sunt molestiae sapiente fuga minima pariatur optio molestias et. Possimus at ducimus a est neque quo possimus.',51448,'1999-07-19 17:18:48','1978-06-15 12:20:46'),
	(24,10,'http://lorempixel.com/640/480/','Qui fugit delectus pariatur atque maiores aut dolorem.','Quis sed placeat quia. Rerum omnis voluptatem consequatur. Vel quia omnis vitae nostrum in ipsam omnis. Est maxime ipsam aliquid veritatis cumque nemo.',37247,'1974-12-01 17:01:11','1975-07-16 09:38:08'),
	(25,4,'http://lorempixel.com/640/480/','Non ratione est rem quam porro recusandae accusamus.','Ea ea esse ut molestiae omnis est laudantium. Eum dolore laboriosam id optio. Minus quis occaecati perferendis odio libero. Aliquid exercitationem magni nulla soluta et exercitationem.',18347,'2008-01-13 10:03:01','1971-11-14 09:59:23'),
	(26,10,'http://lorempixel.com/640/480/','Mollitia occaecati et fugit eum.','A possimus dolores iusto excepturi fugiat. Nostrum voluptas libero est recusandae magni corporis nesciunt. Ex quis nemo earum ducimus. Quia illo repellat est debitis nobis aut.',57214,'2014-07-14 23:44:48','1987-10-27 05:05:39'),
	(27,5,'http://lorempixel.com/640/480/','Magni aspernatur rerum omnis.','Iure similique minus velit qui quia. Ullam et molestias culpa et quo vero impedit. Perferendis placeat iure id. Qui cum numquam provident excepturi et.',123,'1986-04-25 11:44:15','1974-07-31 13:32:00'),
	(28,3,'http://lorempixel.com/640/480/','Eos est facilis aliquid.','Atque adipisci corrupti dolorum ut nemo vero vitae. Dolor sunt ipsa quia facere. Molestiae earum quo alias itaque minima eos.',75486,'2014-12-13 18:36:23','1994-08-28 09:10:12'),
	(29,1,'http://lorempixel.com/640/480/','Pariatur molestiae fugit numquam eius cum asperiores.','Eum soluta sapiente velit. Laboriosam accusantium eligendi nulla blanditiis. Aperiam cum modi aperiam ut. Amet ipsum omnis odit repellendus aut.',40322,'1978-06-10 10:04:43','2000-07-05 04:53:19'),
	(30,7,'http://lorempixel.com/640/480/','Culpa sint ut sit veniam dolor.','Quaerat fugit dolore qui. Provident quia harum esse consequatur. Et recusandae explicabo alias aut dolore.',30955,'2017-10-25 15:23:21','1997-09-01 02:50:07'),
	(31,10,'http://lorempixel.com/640/480/','Eligendi rerum voluptatibus alias eaque sit nihil eum.','Non quo saepe nobis porro. Quo harum eius dolorem sed. Unde fugiat sint voluptatibus voluptatem iure qui quia.',7855,'2007-10-03 04:58:24','1973-04-14 16:27:20'),
	(32,5,'http://lorempixel.com/640/480/','Est ipsum molestias saepe quibusdam nihil.','Velit a dicta magnam eos officia distinctio officia. Harum voluptatum expedita quidem omnis fugit. Sunt ex dolor nulla ab quasi est.',54808,'2019-03-24 07:47:46','2004-07-05 23:26:06'),
	(33,10,'http://lorempixel.com/640/480/','Velit sed est ut repellat doloremque.','Sed vel dolores quas error consequatur ut voluptatum. Sed sequi similique qui est. Doloribus quas eos mollitia quibusdam.',61121,'1980-02-24 20:46:05','1974-03-15 11:13:31'),
	(34,10,'http://lorempixel.com/640/480/','Aut consequatur officia beatae eos vitae consequuntur perferendis.','Magni quo eveniet earum vitae molestias itaque ut. Et et omnis esse sed fugit.',3698,'2017-07-27 09:08:36','1971-10-03 15:40:16'),
	(35,5,'http://lorempixel.com/640/480/','Qui corrupti soluta necessitatibus enim aut quia.','Sequi modi nesciunt in eum tenetur eos. Nam qui nobis sint quam sit maiores. Dolore et et ab aut. Et ut quo animi.',60575,'2015-01-17 06:30:00','2005-03-30 16:49:47'),
	(36,9,'http://lorempixel.com/640/480/','Nisi ipsum rerum qui accusamus illum quisquam aut.','Voluptatem consectetur et aperiam deserunt id voluptatem. Nihil id consequatur facere quibusdam eius.',8317,'2003-06-11 22:32:17','1976-06-13 12:54:53'),
	(37,2,'http://lorempixel.com/640/480/','Accusamus atque et officiis cum ducimus pariatur dolorem.','Ut ullam earum autem eum et nulla est quam. Vel quis commodi sed deleniti soluta rerum sequi qui. Occaecati alias natus a nobis dolorem ut.',23015,'2019-02-22 02:45:49','1999-03-26 05:24:19'),
	(38,2,'http://lorempixel.com/640/480/','Nihil alias quas et aut voluptatem occaecati.','Repellat voluptatem accusantium animi necessitatibus aperiam porro ea. Sunt iure minus aliquam. Qui voluptas tempore modi et omnis doloremque quae. Necessitatibus omnis placeat consequatur unde qui debitis numquam.',54785,'1977-10-18 18:45:41','2010-03-24 02:06:27'),
	(39,4,'http://lorempixel.com/640/480/','Voluptas et veniam architecto quis id tempore.','Modi odit assumenda corrupti incidunt corporis eos unde. Dolor reprehenderit mollitia dolorem et officia similique.',61804,'1978-04-09 19:43:05','1989-09-24 10:50:31'),
	(40,2,'http://lorempixel.com/640/480/','Non ducimus debitis quasi maiores labore sed impedit et.','Qui doloremque non dicta quas quidem et deserunt. Mollitia quas adipisci minima ea assumenda omnis tempore. Officia hic temporibus qui corrupti. Rerum perferendis eaque corrupti fugiat. Ad excepturi est omnis blanditiis nobis perferendis dicta.',26991,'1996-03-23 08:10:38','2002-08-29 02:06:45'),
	(41,9,'http://lorempixel.com/640/480/','Voluptatem magnam inventore et eligendi.','Voluptatum et nam repellat rerum omnis. Laborum quae omnis quaerat. Quos laborum minus accusantium cumque nostrum. Fugiat optio et eius quaerat accusantium nemo temporibus.',18681,'1990-12-30 22:11:21','2000-11-29 00:36:32'),
	(42,10,'http://lorempixel.com/640/480/','Suscipit ducimus laborum tempore quas ipsa quo est delectus.','Laudantium et id id ad ea esse. Laborum autem nemo mollitia praesentium aut. Nihil qui tempore nisi earum cumque omnis. Delectus et perferendis dolor perspiciatis aut temporibus assumenda.',4367,'1978-10-14 08:41:35','1999-11-08 08:47:56'),
	(43,5,'http://lorempixel.com/640/480/','Velit distinctio quas sit.','Similique sed maiores animi est dolor et provident. Iure architecto fugiat quibusdam necessitatibus in. Qui in ad expedita mollitia nobis.',9633,'1997-04-24 10:12:19','1991-08-23 09:57:21'),
	(44,1,'http://lorempixel.com/640/480/','Eum quod quidem sint nemo.','Quisquam debitis aut quasi voluptas. Impedit rerum dignissimos repudiandae.',31569,'2018-02-14 18:12:16','1971-11-21 05:33:52'),
	(45,2,'http://lorempixel.com/640/480/','Quasi voluptatem repellat nobis laboriosam.','Repellendus rerum ratione nulla id fuga ut aut voluptas. Velit dolore voluptatem rem sint adipisci qui dignissimos. Accusantium sit sunt ut rem tenetur cupiditate ea sint. Sint tempore velit molestiae quia.',41560,'1978-08-21 06:03:44','1991-12-09 00:17:18'),
	(46,7,'http://lorempixel.com/640/480/','Voluptas dolores itaque voluptatem ex sed beatae.','Quisquam sed eum adipisci et. Ut consectetur vitae ut animi ut tenetur. Repellendus molestiae in iure provident itaque laboriosam sed. Aliquam delectus minima sed voluptas.',87070,'1991-02-24 10:25:20','1995-09-09 02:56:08'),
	(47,8,'http://lorempixel.com/640/480/','Doloremque et sed eos fuga et.','Non inventore et nihil esse ab deleniti est et. Nemo consectetur laborum aut quos. Officiis dolorem fugiat eum quasi quod placeat.',88190,'1999-12-09 03:35:29','1982-04-24 03:56:09'),
	(48,8,'http://lorempixel.com/640/480/','Ipsam a omnis veniam dolores.','Saepe dolor corporis accusantium nemo qui quae maxime. Dicta eaque corporis doloribus qui. Quia quisquam eos debitis minus inventore quam. Tenetur labore tempora occaecati maxime.',15387,'2006-06-17 05:14:34','2013-05-25 20:42:57'),
	(49,2,'http://lorempixel.com/640/480/','Dolor fugit quidem qui itaque.','Adipisci id aut magni omnis dicta. Optio blanditiis ducimus temporibus maxime beatae. Vel sed illo placeat dolorem expedita autem ex. Dolorem consequatur fugiat dolor excepturi omnis sunt hic. Dolorum doloribus facilis aut.',83783,'1990-10-02 16:08:43','2002-05-18 14:20:26'),
	(50,2,'http://lorempixel.com/640/480/','Cupiditate corporis earum veritatis sit est quia.','At quidem saepe non excepturi dolore. Praesentium porro vero earum rerum facilis voluptatum debitis. Distinctio fugit est et. Est voluptas dolores et.',91569,'2006-06-24 09:47:16','1997-01-08 16:11:44'),
	(51,10,'http://lorempixel.com/640/480/','Vel voluptatem nisi quia repudiandae eos illum.','Nemo est minima excepturi. Non laborum reiciendis aut rerum. Velit sunt odit architecto at est laborum non.',26032,'1989-05-21 06:07:35','1994-06-29 22:11:53'),
	(52,7,'http://lorempixel.com/640/480/','Sed et eos corporis itaque dolorum.','Eveniet nobis sapiente mollitia esse. Dolorem possimus dolore laudantium numquam ut. Dolorem ut quasi magni cum perferendis error.',60721,'1999-04-10 10:22:40','2005-06-29 10:25:37'),
	(53,6,'http://lorempixel.com/640/480/','Et aut quasi excepturi et debitis est debitis laboriosam.','Perspiciatis sint maxime aperiam rerum magnam. Aperiam vel numquam ipsam et asperiores. Mollitia aut non tempore autem.',20056,'2004-05-02 06:36:32','2010-11-11 02:20:18'),
	(54,9,'http://lorempixel.com/640/480/','Repudiandae laboriosam ut doloremque animi.','Corporis praesentium dolorum sit praesentium placeat unde. Delectus animi ut et ut. Maxime quia praesentium animi blanditiis dolor blanditiis.',43165,'2017-06-14 14:51:21','1982-06-11 19:44:47'),
	(55,6,'http://lorempixel.com/640/480/','Quae sunt non et et aut qui.','Et dolores et sunt ratione maiores eos. Eum et tenetur maiores nobis ullam quibusdam. Velit quam provident corrupti enim.',44750,'2016-03-27 06:08:14','1993-02-26 21:18:40'),
	(56,9,'http://lorempixel.com/640/480/','Sed quisquam harum et et animi delectus.','Culpa repellendus alias vitae sit voluptas. Est tempore reiciendis odio voluptas.',66852,'1970-08-26 15:52:11','1980-08-18 12:04:43'),
	(57,9,'http://lorempixel.com/640/480/','Sit explicabo omnis eos quia ea optio.','Optio tenetur quod quo nostrum fuga. Rerum reprehenderit molestiae soluta ratione commodi. Recusandae iure consequatur cum autem ea alias magni.',33530,'1992-10-15 22:37:06','2017-11-27 03:14:20'),
	(58,1,'http://lorempixel.com/640/480/','Odit nostrum quibusdam eius ab voluptas et explicabo.','Est ut magnam amet ad omnis. Saepe quibusdam natus assumenda pariatur ipsa assumenda. Repudiandae similique exercitationem provident molestiae maiores atque nihil est. Facere minima nisi numquam dolorem.',44643,'2011-07-06 12:18:06','1979-03-12 02:04:08'),
	(59,2,'http://lorempixel.com/640/480/','Perferendis quod eos et mollitia adipisci officiis voluptatem.','Sunt impedit qui aut qui. Excepturi magni enim et ad alias ratione commodi perferendis. Magnam quas et nemo quo. Quia repellendus sapiente odit et autem cum iusto.',94795,'1972-05-10 16:37:13','1991-10-29 15:29:25'),
	(60,9,'http://lorempixel.com/640/480/','Dolor assumenda natus molestiae unde.','Ullam et iste aut harum sed velit iusto consequatur. Qui officiis rerum rerum enim natus laudantium non. Excepturi esse porro provident pariatur voluptatem est.',57262,'1975-10-14 19:42:02','1973-03-05 09:12:59'),
	(61,7,'http://lorempixel.com/640/480/','Quisquam ut voluptates quibusdam labore rerum perferendis nemo quia.','Est praesentium aut illo saepe exercitationem aut. Voluptas aliquid sit quidem suscipit fugit. Voluptas et magni illo maiores sed ea qui quas. Illum consequatur non cupiditate qui.',60644,'1976-07-22 11:11:08','1987-04-29 20:57:58'),
	(62,1,'http://lorempixel.com/640/480/','Sit enim laboriosam est necessitatibus.','Dolor vero tempore sit deserunt voluptatem et. Error corrupti magnam voluptatem laudantium. Aspernatur dolore est asperiores.',80691,'1976-08-15 07:21:16','1992-03-19 10:50:47'),
	(63,4,'http://lorempixel.com/640/480/','Ut beatae ipsam minus voluptas error consequatur aut ut.','Facere in neque ut et dolores. Autem aliquam quas ipsam quia sunt aut. Quia animi possimus totam eius. Totam accusamus ut quisquam tempore quae.',46427,'2010-07-04 16:10:27','1985-02-04 05:26:37'),
	(64,7,'http://lorempixel.com/640/480/','Aut dolores tenetur ducimus excepturi minima at.','Praesentium rerum quia eos est sapiente. Iusto suscipit impedit pariatur dolorem deserunt doloremque. Placeat perferendis ut ad. Et minus accusantium voluptatem aperiam pariatur.',68100,'1998-12-17 10:30:10','2007-04-01 14:20:59'),
	(65,1,'http://lorempixel.com/640/480/','Non aut maxime saepe.','Modi commodi necessitatibus et eligendi dignissimos placeat voluptas qui. Et nihil amet dicta. Sit iure reprehenderit non cum. Illum excepturi et molestias ipsam.',62800,'1988-01-08 17:24:23','2002-03-11 17:15:04'),
	(66,9,'http://lorempixel.com/640/480/','Veniam laudantium aut eos rerum qui officia officiis.','Magnam dolorem deserunt rerum ut sed veniam repudiandae. Quia consequuntur sunt accusantium. Explicabo quaerat est et repudiandae ut nihil eum asperiores. Rerum dolor sit sint veritatis.',99917,'1995-04-03 17:19:30','2007-03-12 10:21:48'),
	(67,6,'http://lorempixel.com/640/480/','Accusantium expedita sed omnis et ipsum dolore laudantium.','Quibusdam quod dicta saepe. Hic non cupiditate dolor praesentium maxime inventore dolorum voluptates. Sint rerum quo molestias quibusdam et. Odit consequatur necessitatibus laborum perspiciatis.',11230,'1997-03-30 14:50:48','1970-07-28 03:24:22'),
	(68,3,'http://lorempixel.com/640/480/','Facilis inventore quo voluptas sed nulla commodi neque.','Nemo voluptatem et omnis enim cum. Et quia possimus expedita itaque enim atque tempora. Consequatur est error dolorum amet cum. In qui dolorem perspiciatis est sed.',87665,'1994-12-26 23:47:10','1991-04-06 11:31:50'),
	(69,10,'http://lorempixel.com/640/480/','Consequatur nihil id nisi qui nostrum voluptas.','Vitae vel mollitia et alias quos qui rem. Culpa aliquid ratione inventore sed eveniet ullam voluptatem. Sapiente iste nihil nihil sit ut ut tempora.',7724,'2015-10-26 19:56:36','1974-07-16 20:39:24'),
	(70,9,'http://lorempixel.com/640/480/','Eos aut ex sit nesciunt vel.','Dolores impedit sunt doloribus incidunt iusto odio. Cum sapiente delectus sunt nisi nostrum explicabo magni. Cupiditate et repellat sint et corrupti numquam quam ex. Molestiae debitis modi et ut ut beatae velit vitae.',45093,'1989-08-08 05:54:54','2008-11-10 18:21:42'),
	(71,5,'http://lorempixel.com/640/480/','Dolorem facilis ad et non in qui.','Sed aspernatur a voluptatibus sint hic nulla laborum. Qui consequatur iusto et ratione corrupti qui. Veritatis iusto eveniet aut culpa est.',20995,'2017-11-27 11:22:08','1975-04-25 10:02:40'),
	(72,8,'http://lorempixel.com/640/480/','Nulla reiciendis sunt rerum cumque.','Expedita tempore sed nulla et temporibus magni. In aut praesentium necessitatibus fuga itaque.',65802,'1990-02-06 04:46:35','1993-08-06 15:35:16'),
	(73,8,'http://lorempixel.com/640/480/','Qui blanditiis ut illum possimus vitae deleniti.','Beatae cupiditate cum laborum voluptatem aut dolores vitae. Provident rerum odio recusandae eligendi incidunt. Impedit non ut vel consequatur. Aspernatur sequi fuga nesciunt rerum doloremque id iste.',60366,'2004-06-15 14:26:15','1993-12-07 03:55:41'),
	(74,9,'http://lorempixel.com/640/480/','Modi fugit accusantium optio velit dolor.','Enim voluptas hic asperiores rem accusantium id. Accusamus doloremque dolor est et enim quia dolore quis.',52779,'2001-12-15 12:07:44','1990-01-13 19:27:34'),
	(75,9,'http://lorempixel.com/640/480/','Voluptas et cum voluptas.','Voluptas aperiam modi id aut et ullam recusandae. Dolorem fuga praesentium error magnam. Facere reprehenderit a non iure. Aut ab fugiat velit quia animi et illum.',73693,'1998-03-29 09:11:27','1975-08-15 13:39:46'),
	(76,10,'http://lorempixel.com/640/480/','Asperiores dolorem placeat est.','Et cumque inventore eum nemo expedita dicta. Laudantium saepe molestias assumenda illum commodi reiciendis quaerat. Illo numquam accusantium quos officia.',51185,'2000-09-25 05:32:59','2011-12-17 08:19:37'),
	(77,6,'http://lorempixel.com/640/480/','Aperiam quia officiis ex doloribus facere.','Velit expedita fugit et doloribus ut possimus. Dolorem incidunt praesentium qui quia ullam repellendus. Molestias animi quidem molestiae. Quo et eveniet vel eius qui et at.',91597,'2010-09-11 23:21:56','1985-11-12 13:21:29'),
	(78,6,'http://lorempixel.com/640/480/','Et qui repellat ipsam magnam.','Sit rerum quasi possimus voluptas est aut molestiae voluptas. Porro dolorum quia necessitatibus qui. Id esse suscipit delectus error consequatur magni.',655,'2002-06-25 08:24:32','1999-09-28 16:13:59'),
	(79,8,'http://lorempixel.com/640/480/','Nesciunt repellat quia facilis nihil omnis error qui.','Consequatur reprehenderit vitae minima accusantium debitis ad tempore eos. Provident soluta voluptatem neque ea quis. Est tempore et suscipit.',96105,'2005-07-27 19:11:44','1975-01-16 08:39:12'),
	(80,7,'http://lorempixel.com/640/480/','Facere exercitationem doloremque aut soluta et.','Vitae nesciunt nam incidunt molestiae voluptatem. Mollitia non dolor sint eveniet. Minus quae labore laborum cumque. Molestias repudiandae sed quibusdam et eum incidunt suscipit voluptate.',44659,'1999-03-25 14:53:14','1977-05-25 16:51:43'),
	(81,8,'http://lorempixel.com/640/480/','Non rem est dignissimos magnam dolores id.','Omnis voluptates ab tempora odio aut. Ea sunt labore distinctio et voluptatem corporis nisi.',44134,'1993-08-14 06:31:04','2018-01-29 11:10:45'),
	(82,7,'http://lorempixel.com/640/480/','Beatae facilis repellat totam quod deleniti molestias consectetur.','Aut amet dolores suscipit. Qui quos itaque ut dignissimos quisquam ut odio minus. Quod deserunt distinctio nemo ullam qui. Sint harum dolores explicabo aut expedita pariatur molestiae.',71635,'1994-05-07 11:07:09','2018-04-05 20:58:42'),
	(83,3,'http://lorempixel.com/640/480/','Cupiditate illo architecto tempore occaecati repudiandae cumque.','Expedita beatae adipisci accusantium deserunt. Totam officia delectus nemo voluptatem reiciendis aliquid nisi. Praesentium impedit fuga omnis sed.',59241,'1985-04-27 23:09:53','2018-02-21 02:24:45'),
	(84,3,'http://lorempixel.com/640/480/','Consequatur accusantium vero enim vel minus.','Et magnam ea adipisci ex aut ducimus quod. Optio aut provident voluptatibus facilis minus aliquid ipsum minus. Et ipsa nostrum ad autem ipsam qui.',13710,'2004-12-31 01:19:37','1992-09-05 13:45:58'),
	(85,5,'http://lorempixel.com/640/480/','Facere nemo sapiente amet necessitatibus placeat expedita alias dolorem.','Voluptatem fuga nihil voluptatem dignissimos. Est autem soluta rerum autem. Nulla occaecati perferendis iusto officia repellat sed asperiores est. Itaque dicta tempora consequuntur velit.',26271,'1984-07-16 10:27:17','1991-11-22 03:24:55'),
	(86,9,'http://lorempixel.com/640/480/','Velit ut odit adipisci nihil commodi.','Voluptate qui sed optio deleniti. Voluptatem et voluptatem eaque omnis. Sunt nostrum eaque consequatur voluptate est et nulla eaque. Dolores libero aut dolore perferendis enim repellat.',29337,'1992-02-04 21:50:05','1983-10-22 06:52:32'),
	(87,1,'http://lorempixel.com/640/480/','Ab possimus reprehenderit nihil rem amet dolores veritatis.','Nostrum ad voluptate voluptatem iure. Velit doloremque aliquid incidunt et placeat. Reiciendis deserunt aut ratione quam id magni est.',79963,'1981-11-25 09:40:14','2017-09-20 02:29:52'),
	(88,3,'http://lorempixel.com/640/480/','Omnis quam ut officia.','Qui velit minus et assumenda neque nulla. Omnis doloremque omnis sint voluptas consequatur qui. Ex enim magni aut sed nesciunt temporibus id. Aliquid quia doloribus harum magnam voluptatem.',93850,'1987-02-28 13:21:15','2010-10-15 05:03:34'),
	(89,9,'http://lorempixel.com/640/480/','A ratione culpa expedita.','Temporibus animi quod dolore dolorem numquam repellat. Natus omnis id cumque. Distinctio aperiam fugit voluptatem eligendi dolor ratione asperiores. Molestiae quam vel architecto molestiae soluta aspernatur. In vitae quod nesciunt neque.',97562,'1971-03-06 00:46:49','1993-12-12 19:06:49'),
	(90,2,'http://lorempixel.com/640/480/','Quidem nobis non voluptates.','Possimus deserunt corporis praesentium suscipit repellendus officia. Architecto totam aliquam ut quia. In aspernatur ea voluptatem sit labore.',69490,'2009-03-15 10:20:38','1983-02-25 18:47:29'),
	(91,2,'http://lorempixel.com/640/480/','Quo et aut repellendus quae.','Vel asperiores sapiente facere. Et nobis aut doloribus ullam quia dolores iusto. Adipisci assumenda laboriosam beatae ut.',97288,'2015-04-26 16:08:39','1984-01-12 22:39:38'),
	(92,6,'http://lorempixel.com/640/480/','Veritatis sed ab odio sint nihil ea.','Quia ipsa cumque et dolore est molestias. Ad deserunt ipsam autem consequatur aut dolor quas. Aut officia magni ullam laboriosam. Sequi sit consequuntur aut rerum.',50818,'2012-03-03 01:30:01','1984-12-16 07:58:13'),
	(93,3,'http://lorempixel.com/640/480/','Similique possimus eveniet tenetur et qui animi quam.','Quibusdam odio et doloremque qui. Vero animi facilis earum expedita. Et aut odit neque.',82506,'2002-10-08 12:14:10','2007-02-26 08:59:37'),
	(94,6,'http://lorempixel.com/640/480/','Sed sit molestiae vitae molestiae laborum.','Id alias suscipit nostrum magnam dolores id. Animi earum voluptatem quibusdam velit amet. Et et est voluptates dignissimos. Consequatur maxime tenetur magnam dolorem et et autem repellendus.',49148,'2009-09-14 08:27:36','2019-03-12 12:16:06'),
	(95,2,'http://lorempixel.com/640/480/','Quia autem repellendus et officia quia et natus.','Voluptas minus labore cupiditate nemo velit dolore fugit. Rerum alias provident harum provident cupiditate assumenda corporis assumenda. Et dignissimos excepturi consequatur qui.',9819,'1977-03-27 07:18:18','1986-12-06 13:58:55'),
	(96,4,'http://lorempixel.com/640/480/','Earum eveniet quaerat dicta molestiae labore corporis.','Consequatur voluptate vel aspernatur voluptatibus velit assumenda doloribus. Ullam repellendus numquam ipsa necessitatibus quis. Dolor recusandae ipsa accusantium a omnis error.',73872,'2014-08-20 08:55:12','1971-12-10 15:29:49'),
	(97,4,'http://lorempixel.com/640/480/','Ipsum magnam consequatur animi velit culpa.','Autem aut quia tempore voluptates quae. Ullam tempora aut impedit quis ut. Sequi magnam quaerat reprehenderit ipsa. Atque et repellendus natus incidunt sed tempore.',72978,'1973-08-07 15:31:33','2017-03-28 15:13:07'),
	(98,8,'http://lorempixel.com/640/480/','Cum odit quaerat quam.','Molestiae sequi numquam modi molestiae aliquam. Id aut eum qui quibusdam fugit maiores ratione. Ut minus sapiente excepturi mollitia. Culpa atque sed vel sed consequatur. Labore occaecati autem in esse.',95839,'2018-05-24 22:08:25','2010-03-10 22:12:45'),
	(99,6,'http://lorempixel.com/640/480/','Deleniti et autem laudantium eaque.','Autem dolores repellat quibusdam nemo non. Aut soluta eveniet quo saepe occaecati dolorum distinctio. Earum mollitia sit sit reprehenderit ipsum sit.',59366,'1986-10-18 19:28:02','1974-10-16 18:35:52'),
	(100,3,'http://lorempixel.com/640/480/','Dolor dolor quasi eaque explicabo saepe beatae qui dolores.','Hic ipsam laborum non qui aperiam ad. Eveniet ipsa omnis culpa amet quia adipisci fugit. Vel commodi quasi laboriosam veniam sint asperiores debitis. Reiciendis et et quos dicta earum sit.',93221,'1980-11-27 07:16:29','2009-11-13 02:00:36');

/*!40000 ALTER TABLE `products` ENABLE KEYS */;
UNLOCK TABLES;


# Dump of table qna
# ------------------------------------------------------------

DROP TABLE IF EXISTS `qna`;

CREATE TABLE `qna` (
  `id` int(11) unsigned NOT NULL AUTO_INCREMENT,
  `user_id` int(10) unsigned NOT NULL,
  `question` longtext NOT NULL,
  `answer` longtext DEFAULT NULL,
  `created_at` datetime NOT NULL,
  `updated_at` datetime NOT NULL,
  PRIMARY KEY (`id`)
) ENGINE=InnoDB DEFAULT CHARSET=utf8;

LOCK TABLES `qna` WRITE;
/*!40000 ALTER TABLE `qna` DISABLE KEYS */;

INSERT INTO `qna` (`id`, `user_id`, `question`, `answer`, `created_at`, `updated_at`)
VALUES
	(1,4,'Est dignissimos qui quasi fugiat architecto.','Itaque praesentium nemo consectetur.','1992-04-05 06:55:56','1981-05-21 03:34:59'),
	(2,2,'Illum omnis eligendi est nihil enim.','Itaque incidunt suscipit ea consequuntur aut quia eaque.','1994-07-04 03:58:58','2002-03-06 10:53:17'),
	(3,8,'Et quia consequatur et et.','Qui quis provident ut molestiae ipsam.','1970-10-23 08:17:13','1978-09-27 08:10:19'),
	(4,5,'Quod qui suscipit laudantium.','Optio consequatur tempore quos.','1989-04-19 13:29:25','2014-01-28 04:11:48'),
	(5,1,'Et perferendis exercitationem adipisci consequatur.','Doloremque nihil voluptates vel eos voluptatem omnis rem.','2012-09-19 12:53:34','1989-11-02 15:49:46'),
	(6,2,'Harum voluptas error quia dolorum natus numquam consectetur.','Autem et repudiandae ea.','2000-11-27 06:40:57','1996-06-15 16:20:21'),
	(7,1,'Aut aut est atque repellat.','Nisi sit voluptas qui incidunt commodi est.','2013-07-22 05:08:46','1980-11-27 05:41:53'),
	(8,9,'Sunt magnam similique quasi labore eum pariatur.','Reiciendis consequatur adipisci repellendus non necessitatibus fugit occaecati.','1985-03-25 12:10:44','1984-02-27 13:32:41'),
	(9,7,'Repudiandae consequatur est quibusdam excepturi veniam.','Velit eos nihil et hic consequatur qui.','2002-02-18 05:26:16','2016-04-27 12:19:50'),
	(10,3,'Quas voluptatem molestiae perferendis repudiandae aliquid omnis quas.','Voluptatibus nesciunt aperiam sit exercitationem neque.','1998-11-12 20:13:41','1978-05-08 00:49:38'),
	(11,5,'Ex placeat sed impedit quia quae in dolores.','Perferendis dolore et qui sed et quae quidem.','1983-09-13 04:45:57','1990-06-09 22:28:57'),
	(12,1,'Eveniet incidunt tempora corrupti qui consequatur.','Pariatur quia nisi ullam animi enim.','2014-06-21 15:38:17','1988-12-07 14:58:56'),
	(13,7,'Magnam ut nulla est quae.','Est voluptates dolore vero soluta sunt labore.','1989-12-27 01:51:30','2003-10-24 10:15:12'),
	(14,7,'Expedita consequatur sed autem rerum voluptatem earum asperiores.','Sed doloremque eos ab sint voluptate deleniti.','1970-09-05 06:49:26','1987-05-23 16:33:48'),
	(15,5,'Eveniet magnam aliquid quis cumque temporibus omnis tempore.','Cum et in maiores non non rem.','2017-01-19 16:59:26','1973-07-11 07:53:30'),
	(16,9,'Veritatis assumenda nulla ut explicabo consequatur.','Sed quae sapiente magni voluptatem.','1972-08-24 22:28:05','1974-08-11 18:19:25'),
	(17,4,'Ut quidem sunt quia temporibus vel id minus.','Ex debitis omnis et qui porro officia.','2014-08-30 17:13:48','2004-11-01 01:18:28'),
	(18,7,'Illo et porro consequatur molestiae deserunt iusto.','Aut recusandae et velit non voluptatem sed id qui.','2009-05-15 13:37:37','1974-01-07 21:32:51'),
	(19,4,'Qui corrupti asperiores quasi.','Ducimus ipsam illum at quia placeat similique possimus.','2015-02-26 22:50:23','2012-01-13 16:53:11'),
	(20,2,'Quae eaque quae necessitatibus.','Autem tempore alias provident nemo.','1974-10-19 03:28:24','1973-06-09 11:44:15'),
	(21,6,'Optio saepe blanditiis dolore.','Tenetur architecto quisquam rerum veniam eaque similique.','2003-11-16 13:53:04','1985-05-09 14:48:47'),
	(22,10,'Enim delectus sit aut vel aut ea.','Magni molestias velit ipsa eum tenetur ut.','1975-06-17 05:22:30','1996-04-23 11:46:51'),
	(23,1,'Facere ut deserunt aspernatur adipisci consequatur exercitationem.','Vel autem consequuntur omnis ea sequi.','1978-12-21 22:39:54','1975-08-05 00:56:07'),
	(24,5,'Ad rerum dolor accusamus provident quibusdam.','Repellendus dicta quo dolores.','1983-11-19 06:29:11','1981-05-12 00:50:51'),
	(25,2,'Pariatur ut adipisci dolore quia sint.','Est ipsam omnis aut cum odio excepturi eos.','2009-02-01 05:33:23','1982-08-22 02:12:06'),
	(26,2,'Aut quas rerum qui maiores ut laboriosam.','Facere ex aut nobis quia.','1981-10-13 07:00:41','1977-11-14 19:36:35'),
	(27,3,'Libero voluptatum vero qui illo rerum.','Est iusto consequatur nisi eos esse et iure.','2012-07-16 15:06:05','1995-01-04 08:36:12'),
	(28,1,'Saepe est ea rerum a fuga qui.','Quos eos blanditiis optio eligendi dolore neque.','2014-12-14 22:14:50','1997-09-07 22:39:09'),
	(29,1,'Optio aut hic quia quia sunt.','Quisquam architecto molestiae culpa minus cupiditate sit.','1982-02-02 05:58:47','1971-11-26 07:28:47'),
	(30,6,'Maxime officiis soluta fugit ad dolorem nemo animi.','Inventore omnis ut optio asperiores praesentium voluptatibus omnis.','1991-12-15 13:17:29','2014-11-27 00:31:37'),
	(31,4,'Enim et ab voluptatem omnis aut ad suscipit.','Est laboriosam modi officia iure natus aut sed.','2003-06-28 01:59:43','1978-06-15 02:52:32'),
	(32,5,'Non rerum ut aut quos.','Quasi quidem voluptatibus unde odio.','1988-10-25 08:34:30','1978-03-05 13:47:54'),
	(33,8,'Ex repudiandae et ipsam eum et.','Cupiditate est adipisci vel repellendus.','1983-06-05 15:13:56','1970-12-15 17:20:12'),
	(34,2,'Ad dicta quam quidem dolores sit earum laudantium.','Officiis libero nulla at ea recusandae nulla.','1991-02-22 02:52:58','2013-10-18 23:10:54'),
	(35,9,'Enim nostrum vel aspernatur rerum.','Nobis rem rerum aut facilis vero.','1975-12-25 04:51:36','1991-06-29 17:00:48'),
	(36,8,'Nemo id eaque quisquam quo veritatis fuga animi.','Id fugit velit ipsam alias nostrum deleniti.','1975-05-12 01:47:42','1982-02-11 10:10:12'),
	(37,3,'Excepturi earum quam rem.','Molestias officia distinctio rerum.','1998-08-05 23:17:25','1985-07-27 23:47:00'),
	(38,10,'Quia odio quia mollitia quis iste rem.','Fuga et amet officia reprehenderit consectetur.','1990-03-29 03:14:26','1971-03-15 18:44:12'),
	(39,6,'Saepe accusantium voluptas officiis distinctio ea voluptatem impedit.','Et exercitationem ab voluptas earum.','2016-12-27 03:52:31','1998-08-09 20:51:10'),
	(40,10,'Totam esse ex est.','Est tempore voluptate veniam pariatur quo enim.','2018-09-25 15:58:22','1973-05-27 05:32:19'),
	(41,2,'Explicabo maiores ipsa in voluptates.','Possimus dolorum molestias aut laboriosam.','1990-08-31 04:11:17','2006-08-13 06:19:20'),
	(42,10,'Minima sapiente nam pariatur quis perferendis vero.','In est sed numquam eligendi.','2018-07-02 01:16:58','1996-07-23 04:10:46'),
	(43,10,'Voluptatem non eaque est beatae culpa.','Quia optio sunt quidem et.','2015-06-07 14:37:51','2009-03-20 07:04:04'),
	(44,9,'Quia commodi consequatur a est facere sunt iure.','Animi ut magni laudantium quae omnis nam.','1993-07-11 02:09:42','2000-05-17 18:15:38'),
	(45,7,'Quisquam nihil sint aut recusandae.','Non molestiae pariatur aliquid rerum assumenda.','1991-01-06 06:37:44','1989-10-18 12:01:40'),
	(46,4,'Minima quia ipsam assumenda rem.','Voluptatem voluptas voluptatibus perspiciatis quam ratione.','1980-07-15 07:36:58','2004-03-21 01:41:20'),
	(47,7,'Ut tenetur repellendus cupiditate nam molestias.','Ex aut molestias enim nemo nesciunt rerum.','2016-09-20 11:29:12','2010-11-09 22:08:07'),
	(48,1,'Sit expedita tempore delectus autem praesentium inventore.','Eveniet omnis laudantium dolor tempore velit deleniti.','2006-09-06 01:37:54','1985-06-12 00:14:15'),
	(49,1,'Consequatur alias deserunt velit minima architecto fuga libero.','Ipsa corporis sunt quos quas aut nesciunt sed tenetur.','1988-07-21 04:37:54','1989-06-22 22:02:21'),
	(50,1,'Quasi magni ratione quae officia laudantium reprehenderit.','Doloribus necessitatibus debitis minima quibusdam tempore.','2009-07-28 16:13:55','2008-06-22 10:51:15'),
	(51,2,'Tempora quasi at ullam quidem non aspernatur.','Repudiandae ut iusto voluptates illo rerum.','2006-09-07 06:40:46','1998-07-02 21:50:54'),
	(52,7,'Qui magni eius totam voluptas aut cupiditate.','Pariatur nam ut id amet.','2000-05-21 23:09:36','1998-03-16 20:57:00'),
	(53,10,'Sunt dolor at veritatis aut.','Dignissimos et quidem inventore.','2015-03-20 18:39:34','2003-07-31 18:41:36'),
	(54,3,'Qui soluta velit facilis non.','Qui deleniti accusantium ipsam ut veritatis modi in quis.','1989-05-21 11:18:56','1972-01-29 01:43:20'),
	(55,2,'Sit iusto maxime ad et ducimus perferendis.','Cupiditate totam ipsam voluptas.','2000-11-16 17:59:25','1971-12-31 07:11:47'),
	(56,2,'Enim est hic et recusandae est repellat autem voluptatem.','Officiis est molestiae facilis.','1988-03-25 01:18:07','2018-03-06 02:37:23'),
	(57,5,'Sit eos sed molestias dolorem aperiam ex atque.','Enim explicabo velit quibusdam aut.','1996-10-18 06:17:43','1985-08-11 02:23:35'),
	(58,4,'Et quia eius veniam accusamus sapiente est est.','Sit quibusdam provident sed doloribus maiores autem nemo beatae.','2002-08-13 06:41:47','1974-01-24 21:28:58'),
	(59,2,'Exercitationem et sunt repudiandae architecto similique tempora.','Libero voluptates non ut perspiciatis.','2009-08-08 20:04:53','1995-06-23 06:23:06'),
	(60,6,'Itaque hic sit in.','In aliquam et veniam ipsa.','2004-04-23 18:00:44','2008-07-04 11:08:40'),
	(61,10,'Et labore ea omnis asperiores.','Quae facilis quos et et.','1997-10-09 03:56:22','1996-04-07 11:59:54'),
	(62,6,'Ut voluptatem accusamus harum dolor vero.','Qui laborum corporis rem maxime doloribus expedita quis.','2010-03-13 07:08:18','1974-06-30 20:38:47'),
	(63,10,'Cumque sapiente dignissimos provident et consectetur quo.','Numquam quo aut ut aliquam non sed eligendi.','2016-03-10 09:32:50','2000-06-04 13:45:01'),
	(64,7,'Quibusdam ea at provident consequatur.','Eum consequatur necessitatibus nemo fuga.','1991-04-18 04:26:53','1976-09-02 18:13:37'),
	(65,8,'Quia aut modi ullam voluptas id et blanditiis.','Temporibus repudiandae facere laborum et.','1986-11-30 10:36:35','2011-03-16 09:24:40'),
	(66,9,'Facere odit est eaque omnis officiis labore deleniti voluptatem.','Qui nihil quis et commodi.','1975-12-29 07:32:59','1982-10-12 13:27:11'),
	(67,4,'Sapiente consequatur recusandae alias dolorem.','Unde quis occaecati expedita qui quis quia illo aut.','2005-06-22 11:40:49','1994-03-29 21:51:35'),
	(68,10,'Molestias ex dolores iure enim labore.','Sint et aliquid incidunt illo perferendis reiciendis corporis suscipit.','1982-06-28 13:47:43','1982-09-16 10:47:00'),
	(69,8,'Consequatur laudantium inventore quod at.','Ex et exercitationem quidem quod fugit.','1999-03-29 12:58:12','1982-11-02 16:49:47'),
	(70,10,'Qui aut hic sed et.','Omnis velit fugit voluptatem repudiandae sit iure.','1971-11-24 14:21:29','1992-10-09 23:06:52'),
	(71,9,'Recusandae qui harum corporis omnis.','Impedit possimus atque nihil illum sunt et voluptas accusantium.','2011-01-01 12:52:12','1988-05-18 16:57:18'),
	(72,10,'Sint porro vitae cumque vitae.','Quis ullam assumenda quae tempora.','1981-12-17 02:09:00','1988-04-27 22:47:19'),
	(73,10,'Accusantium harum at magni mollitia ipsum.','Suscipit ipsam eum doloremque maiores ut velit.','2005-07-03 17:24:11','2007-05-07 13:03:01'),
	(74,9,'Voluptatibus quia similique suscipit possimus.','Consequatur architecto asperiores nihil eos quidem excepturi.','2004-10-08 09:07:58','1981-02-02 05:41:30'),
	(75,8,'Praesentium eos voluptate numquam tempore vel.','Vel esse non eveniet.','2004-05-20 17:37:21','1977-12-13 14:55:51'),
	(76,7,'Voluptates sed odio facilis cum beatae tenetur nemo.','Cumque quaerat eligendi rerum nam ullam.','1984-06-12 03:57:06','1987-06-08 04:07:01'),
	(77,3,'Repellendus debitis doloribus sit fugiat excepturi.','Distinctio similique perspiciatis quaerat exercitationem.','1984-07-24 18:14:38','1997-06-21 14:35:09'),
	(78,4,'Ut quia quidem vero aut esse illum incidunt.','Praesentium deserunt nisi neque explicabo tempore neque.','1994-11-19 16:59:14','1988-03-02 01:32:04'),
	(79,7,'Illo eum ut odio.','Neque praesentium perspiciatis laborum laudantium.','1992-06-02 04:38:39','1986-12-05 11:16:13'),
	(80,3,'Dolorum earum consequatur sed aut.','Commodi dolorem necessitatibus iusto hic aut provident velit.','1987-07-06 14:04:00','1998-11-17 05:26:43'),
	(81,5,'Aliquid sit quibusdam aut.','Voluptas sed nihil consequatur et rerum autem.','1993-07-09 18:21:28','2014-10-13 08:42:16'),
	(82,8,'Natus rerum veritatis tempora similique quos.','Voluptates porro possimus explicabo in tempore eum sed.','1974-04-14 18:25:14','1996-09-02 21:58:52'),
	(83,10,'Est illo sit iste asperiores consequatur dignissimos provident.','Aut et aspernatur exercitationem hic.','1984-03-25 10:13:20','1990-08-08 08:51:46'),
	(84,5,'Commodi fugit repellendus veniam aliquid ab.','Iusto corrupti odit aliquid et ut odit laboriosam.','2009-04-07 13:50:10','2013-12-10 00:54:13'),
	(85,1,'Illo voluptatem quis aut est quas ratione est quidem.','Ut quaerat non rerum.','2003-02-13 18:57:35','2007-10-10 11:26:23'),
	(86,1,'Cum cupiditate dolore eum expedita recusandae excepturi enim id.','Quidem in sunt rerum explicabo non accusantium.','1996-01-08 14:16:03','1984-12-22 12:04:27'),
	(87,6,'Corporis dolorem mollitia repellendus corrupti sapiente.','Aut ullam cum voluptas consectetur adipisci doloribus voluptates.','1976-03-05 13:16:24','1993-08-21 03:11:19'),
	(88,5,'Voluptatem dolor veniam enim cupiditate maxime.','Hic omnis necessitatibus suscipit aut.','1990-08-03 09:21:40','1970-02-25 14:09:56'),
	(89,4,'Quia quia laboriosam et deserunt temporibus quia et.','Facere libero et eveniet porro modi neque est odio.','2019-04-14 04:23:11','1997-01-03 22:14:31'),
	(90,8,'Nihil sed fugiat molestias laudantium sed quia.','Ut sunt sit voluptatem sint aut.','1978-06-04 17:26:32','2011-09-29 15:40:56'),
	(91,10,'Veniam at est quae aut.','Voluptas aliquid nam unde pariatur aliquid.','2015-12-03 18:13:08','1988-08-12 11:14:50'),
	(92,3,'Omnis consequatur pariatur commodi voluptates exercitationem.','Qui ut quidem animi assumenda quis ut sint.','1990-05-30 09:53:18','1976-06-20 09:46:19'),
	(93,4,'Commodi odit reiciendis veritatis totam nihil aut maiores.','Repellendus consectetur nihil distinctio velit odit rerum corporis est.','1998-12-08 16:20:48','2019-01-29 17:31:28'),
	(94,9,'Velit molestias inventore occaecati aliquid assumenda maiores in quo.','Corrupti culpa nobis ea esse.','1999-03-19 17:57:51','2016-03-04 15:52:23'),
	(95,10,'Sequi corrupti temporibus ut nam.','Amet praesentium fugiat temporibus esse.','1983-09-27 18:02:57','1982-09-16 22:39:51'),
	(96,1,'Culpa cum quam fuga molestiae.','Aut cupiditate amet ut in.','2018-09-26 22:08:29','1970-06-14 12:53:26'),
	(97,7,'Odio soluta et aliquam voluptate nesciunt.','Dolorem ipsum aut voluptas aperiam.','1978-04-22 19:55:59','1993-09-06 22:55:58'),
	(98,3,'Cupiditate deleniti rerum dolorem non et ullam omnis.','Sit nesciunt dolor dignissimos itaque aperiam similique.','2010-03-05 17:16:35','2011-06-10 21:22:43'),
	(99,10,'Voluptas vel similique labore velit voluptate.','Voluptatem nihil atque sed veniam illo mollitia enim.','1979-04-23 08:46:28','2018-01-07 04:18:33'),
	(100,5,'Sed temporibus adipisci ipsa.','Nesciunt doloremque sit sequi in quis velit.','2003-11-20 18:13:56','1986-10-18 05:34:52');

/*!40000 ALTER TABLE `qna` ENABLE KEYS */;
UNLOCK TABLES;


# Dump of table users
# ------------------------------------------------------------

DROP TABLE IF EXISTS `users`;

CREATE TABLE `users` (
  `id` int(11) unsigned NOT NULL AUTO_INCREMENT,
  `userid` varchar(255) NOT NULL DEFAULT '',
  `password` varchar(255) NOT NULL DEFAULT '',
  `is_admin` tinyint(4) NOT NULL DEFAULT 0,
  `created_at` datetime NOT NULL,
  `updated_at` datetime NOT NULL,
  PRIMARY KEY (`id`)
) ENGINE=InnoDB DEFAULT CHARSET=utf8;

LOCK TABLES `users` WRITE;
/*!40000 ALTER TABLE `users` DISABLE KEYS */;

INSERT INTO `users` (`id`, `userid`, `password`, `is_admin`, `created_at`, `updated_at`)
VALUES
	(1,'goodwin.elijah','61a2a4c63675b222499d05832ddd55c7a07c50dc',1,'1991-07-02 22:34:18','1987-04-03 01:28:49'),
	(2,'rae04','58cc883caa5e69546c641f6a38207f87114a8a1a',1,'1981-09-03 12:18:20','2001-08-15 21:28:10'),
	(3,'alexandra61','929d74b00dddd3675eb4a0455c5f69f09ef48abc',0,'1970-05-13 18:01:30','2000-03-17 13:44:18'),
	(4,'aron89','67bba4bfa0ce6f61289c5106747c19c259a79d76',1,'1978-10-28 17:24:03','1984-11-24 09:55:39'),
	(5,'kaelyn77','ec6095f45ba49abf2e5fec5784454902557646da',0,'1988-07-21 05:22:42','1994-01-20 23:35:28'),
	(6,'tiana.leannon','91ad08da71f4d23c4e233f21933f8182f1892090',0,'2012-10-02 22:53:04','1991-08-27 21:52:54'),
	(7,'jameson.raynor','300b68e66871b6667a8413a65760b123edecbc39',1,'2017-04-12 04:39:46','1995-11-11 20:03:50'),
	(8,'nikolaus.travon','df21369da4bda032e060b5cd3194d519dc04c54d',0,'1978-05-16 02:52:08','2001-10-20 02:35:26'),
	(9,'else14','80209ebf926717ba756f50fa6357ecca4e0ce363',1,'1970-05-01 14:34:48','1978-03-09 09:13:08'),
	(10,'napoleon.weimann','14b1c3f9c87fb7ae6273ce452f0bdab81dfb17cd',1,'2005-04-20 07:41:15','2013-06-05 18:25:39'),
	(11,'grover.cronin','72e9e6116ef8339de6c794f18e0104ce062b23f2',1,'1970-11-28 04:05:38','2004-12-09 12:55:45'),
	(12,'rosie65','5f0b3e4c9c4dec870f5dfc0dc153938154cbd11d',1,'1995-05-14 02:40:04','2013-06-21 12:14:37'),
	(13,'kessler.davin','342fd0f6103857952fa3a51f77f9440642d6036c',1,'1996-03-27 09:25:21','2004-06-25 00:16:44'),
	(14,'sibyl.breitenberg','9c33c4b8b7e1355f687ea281ff718243c098a73a',1,'1987-03-08 02:52:36','1973-10-09 17:18:31'),
	(15,'jeffery72','9dcc7a192bdf6ae1efa4c48c4118a3151d694a70',0,'2010-09-05 01:16:59','1982-08-10 09:40:56'),
	(16,'emitchell','b2df70315238e8f6f21aafad44cf5c60aaffb65f',0,'1975-11-08 17:21:51','2009-12-19 12:43:38'),
	(17,'cremin.milo','8dac14ec38a3b7e4f8e0289e459d75d70bc98d98',1,'1993-07-15 07:54:31','1971-04-06 18:26:04'),
	(18,'xmoen','5b952763c6bc05d4a1f22df46d5d7dd752c54ed1',1,'2017-11-27 21:47:59','1970-09-19 14:07:54'),
	(19,'ludie.stokes','dd231849d20f416046f16ae28d96441096b2da21',1,'1975-09-24 03:22:43','1970-08-10 14:34:57'),
	(20,'cecilia.conroy','53f810dc7e4c7a158cc73d36985b5251da626dfb',0,'1997-04-26 00:10:05','1993-08-21 18:27:30'),
	(21,'tschaden','43895405dd7c7b253f94f774d30fffc5b6d0d3eb',1,'1994-08-26 12:16:37','1992-08-15 16:44:44'),
	(22,'estelle18','956a7ef9ac01cf3e249c541a9d3113aa60649153',0,'2009-11-06 18:42:41','1974-12-15 18:56:48'),
	(23,'noemie50','93df8c8209806993287fcad163861946730ba753',1,'1993-08-27 07:06:23','1989-02-15 23:39:19'),
	(24,'ljaskolski','5201adf60d3281fa38a7e5293c5f496fd3df923a',1,'1970-09-02 22:37:08','2003-07-26 23:45:27'),
	(25,'julien76','4d5709235416b51eeea05892cfbcf087d67f46c4',1,'1981-09-05 14:27:42','2003-04-27 21:43:03'),
	(26,'camille82','2bffaf26ec29b3bc94c364e6666b23ce8ce9bed7',0,'1996-04-04 23:31:17','2014-07-20 17:25:22'),
	(27,'dare.hollie','c2b52760440868bf1fe71b254f27f363af49d71c',0,'1992-03-24 05:56:04','2009-12-07 15:40:26'),
	(28,'geraldine.stamm','d6189598950fcec5e3c6b05698b63bab8055510e',0,'1974-02-21 06:45:20','1977-05-13 12:12:37'),
	(29,'ibrahim.torp','de086cd4ea5bd5373ecb2bc4dfb6e23e38673e42',0,'1977-07-21 04:56:51','1998-03-31 14:28:00'),
	(30,'sauer.josiane','fb62598793fd262897a656330bbb333993c257cd',0,'2001-05-31 06:25:43','1991-10-17 13:10:27'),
	(31,'dorian.batz','b03535b4f43a9f6367ce13bcf80a705b78778167',1,'1970-06-12 11:07:57','1983-04-26 17:57:27'),
	(32,'dana.maggio','1cdac941b653f2a9660c20c551fb24c4ffd23d3c',1,'1975-11-03 09:48:20','1978-01-26 17:11:05'),
	(33,'scarlett.o\'hara','b397a4600b8955c324c0d24cc120133a34dbe5af',1,'2014-02-28 11:26:11','2017-06-19 01:46:03'),
	(34,'kristin33','8314cb6fad4d165df41dbc60b037ce705719a348',1,'1987-01-17 00:22:24','2013-06-06 06:59:15'),
	(35,'amir57','344f4ad6a7110609db640fec88ae46aa5ef7ffa3',0,'1986-01-14 11:43:14','1984-08-30 19:59:01'),
	(36,'marge.davis','d7c4c9d8a6cbdbd06831dee422bb3943342744de',1,'1975-08-21 17:11:27','1983-06-28 14:48:42'),
	(37,'shakira.aufderhar','2e2e77b690548d293fb75d37bf3f1d65e5d4a0d6',1,'2005-05-25 20:23:35','1976-01-31 22:18:32'),
	(38,'klein.ayla','7ce56d6e4242b7e92578917e92ebbc7f33f88337',1,'2004-11-17 05:47:34','2015-06-20 17:11:10'),
	(39,'gkub','1ee499eea08c369b23e7d89a76b77639aa09655f',1,'1979-12-20 20:36:59','2006-04-01 04:43:59'),
	(40,'grace20','a394dd97cb77dbf0950977765764684b50c63529',0,'2000-09-03 11:44:57','2005-09-08 16:32:38'),
	(41,'mills.kelvin','bfe855389074483bdd529df6c73cd35e78759c94',0,'1972-10-05 00:17:02','2004-01-07 01:30:43'),
	(42,'cecelia16','0da4e467a0ca4786663910134c9e8c7ded1a7e6c',0,'1976-06-21 21:25:29','2003-03-20 17:58:04'),
	(43,'bailey.madyson','04eb9c3d1ca83f45476a1f3b0c01b928b5d4b6e1',0,'1977-01-18 11:36:31','2001-06-24 23:31:49'),
	(44,'ruecker.robert','5c7b921621b35491a0112d150f749bdbf1fcc06d',0,'2007-01-16 12:22:17','1973-05-15 13:33:30'),
	(45,'alan.zemlak','0256bcf406173e6ad238c5dd2c89c7b98f559b7d',1,'2010-11-16 10:08:50','1987-08-21 12:10:08'),
	(46,'hassie85','0c503e83c1e90af2d0f31689961f22db2feb1270',0,'1990-03-05 16:55:08','1977-12-12 22:41:50'),
	(47,'buckridge.alfonzo','a9254b297ad720a3df8733f56eb4f648831092eb',0,'1977-08-09 20:21:17','1979-07-31 16:11:24'),
	(48,'romaguera.laura','e4216dfda80f8bfdb6dd455d1db9e0ad31609901',0,'1978-01-15 07:05:19','1981-09-12 20:13:50'),
	(49,'korbin.grant','8165cbe05dde9a0039fd5d1b1b9838820994c3dc',0,'2001-09-12 00:40:59','1978-03-06 15:27:33'),
	(50,'dgottlieb','223c35305b7838943106c4d6295e7bd075ded35d',0,'2001-01-12 03:18:38','1970-08-05 02:06:30'),
	(51,'chaya81','6132c8fcf4dac917c518f28a4cfd26074acff841',0,'1972-10-29 20:50:04','1972-05-08 21:05:04'),
	(52,'nmoore','f893c88f4ae3e01e8b6413e73625fe1b6af2ea19',1,'2013-02-14 19:32:04','1990-10-05 04:31:41'),
	(53,'upton.sheila','87b9b6ff57c883ad5870b8fc0763be09722d5c81',1,'2015-11-07 07:38:41','1990-05-09 15:14:30'),
	(54,'herzog.linnie','0d6332efd02263f14f8ab91d074cf4e2e702ed10',0,'1985-05-30 03:48:42','1970-12-25 09:58:43'),
	(55,'lkeeling','7f0faa86c88229d63acffeca624eb35ac98a0084',0,'1998-03-05 15:15:59','2016-07-21 15:07:13'),
	(56,'stiedemann.demond','7f28d95d72aca083914ef3a66dcc7681062cd4c7',1,'1970-05-28 23:21:33','2001-05-04 03:55:43'),
	(57,'csmitham','cf770ba2ca6c7a71d66cd14bb7570dbb002b2035',0,'2008-03-12 01:29:31','2003-03-10 19:29:01'),
	(58,'mante.wilhelmine','ba86757a8519e522f8fea55a1b8a525ca444ccb3',1,'2013-03-14 18:14:37','1988-12-02 19:04:20'),
	(59,'dsawayn','d42c675971f891854fada085c0c928a9b334837f',0,'1997-01-12 19:48:23','1980-08-14 19:13:10'),
	(60,'vtorphy','5040098fbb032dc274da33b3d053368908f214fe',1,'2017-04-03 19:52:33','1974-08-30 06:00:30'),
	(61,'lreichert','37d78891ff3c1637c4d6eee172f8a12588969a15',0,'2016-06-27 01:34:23','1997-02-01 17:10:16'),
	(62,'audrey.marvin','587fdca0c0f7b24777185a92d8122af886ad9290',1,'1975-10-09 09:45:45','2008-02-05 09:27:09'),
	(63,'fswaniawski','b50488eead89c1c157c753264a6614f569a5d539',1,'1987-06-05 22:24:23','1991-02-07 01:26:13'),
	(64,'gerard81','8ceaee0a564ced46468a068565538ec865b05e91',0,'1991-03-27 14:26:16','1974-03-06 15:16:22'),
	(65,'d\'angelo.reichel','0d567e26013b8cc6042bc45f66d085cfdaf78c4f',1,'1982-01-08 04:53:42','1976-06-20 07:02:10'),
	(66,'grady.jean','2522b274075abfd97018705364bb9d4b207fc2d9',1,'1977-02-05 11:01:09','1978-02-08 04:59:35'),
	(67,'wilma30','9c7f12e70eaca723ac8f4dceb17014db6465c6fd',0,'1989-10-15 21:18:03','1993-07-08 22:06:45'),
	(68,'flatley.german','c261cd5236c84fccc0626567ba69ecd63f67c747',1,'1999-04-29 21:40:44','1994-11-25 02:30:07'),
	(69,'glover.roel','b87380fa5059f587e9da9797ee655c1e9918aaad',0,'1993-04-24 06:59:28','1998-05-21 23:13:17'),
	(70,'pgutkowski','e0a17106f2a51f661143c9b2b53d5df0b25de20e',1,'2009-11-25 04:38:28','2012-07-03 09:34:47'),
	(71,'noel.kunze','6f6c51507a4341a56d57f06b7af97898c60a0279',0,'1983-06-28 22:21:14','2010-04-18 04:03:58'),
	(72,'misty.kirlin','b32282be2cdf7ef8c037c40a9f4e4818b39cc51b',0,'1995-02-28 04:06:25','1995-09-23 22:01:13'),
	(73,'rosella.wunsch','581f54758d4a2572ab77df297d883fdbaab26574',0,'1986-12-22 11:59:14','2018-03-30 23:12:48'),
	(74,'clair.wilkinson','547612ff6f884c682355c512f8b3c4d289d6b0ad',0,'2011-04-05 16:25:37','1983-06-23 02:07:02'),
	(75,'dante13','f84978c101e18de7150a719397b88321ef9d7e5b',0,'1987-11-17 18:33:59','2016-02-15 14:01:14'),
	(76,'jamey.doyle','f6ec5f8d25bd6db3782a9ab05d0ceafa281b435f',1,'1977-02-11 12:54:38','1989-11-04 04:24:14'),
	(77,'helene41','6a2ad9e9953c037ec97f8341487998a0213308c2',0,'2014-04-07 20:24:31','2017-05-22 15:48:10'),
	(78,'goyette.river','264d538a80154e9c81b89e62f18554d63cd181d7',1,'2004-02-11 05:05:03','2010-10-20 20:58:36'),
	(79,'vinnie.bartell','d34d69e363114c3c32b5b15e067af71e05d8bcec',0,'2008-11-17 04:26:42','2005-09-21 05:51:54'),
	(80,'wilbert.boyer','012a88af783d79f172b640a1e87ed6a0cda3f33b',1,'1993-12-06 15:36:37','1979-07-23 01:50:30'),
	(81,'tfahey','659212f9cdbb0d4ba80aecb5957812d726a3cdc1',0,'1973-08-02 21:13:08','2001-09-01 18:41:50'),
	(82,'walker70','c29eb12ccd4fe2e4e0d3f4463a9b06b12f4d1cbd',1,'1973-09-15 07:33:04','1980-01-01 22:55:52'),
	(83,'anna20','3fafbfc71d2bc7168f93d1c8372f8eb46bd371ba',1,'1976-07-27 06:17:37','1980-06-03 13:07:28'),
	(84,'crystel68','9a04c4b2a65224c61490134263e7771bac049240',0,'2007-04-15 05:21:02','1993-10-13 00:42:11'),
	(85,'lilly68','533f942395ce54541df8db4e4414ef1e3eee91ab',0,'2009-10-05 16:58:24','1978-07-21 19:58:02'),
	(86,'jamil.harris','bb88caca0219bd93c0a4e2fe69a7c9a1f8dbdfcd',0,'1996-01-22 06:17:23','1978-04-25 12:24:29'),
	(87,'brown.lela','ad4169fc0813e6bc11fdde24872357e8ca04590a',1,'1996-08-25 15:46:44','1993-11-19 03:55:55'),
	(88,'ziemann.jude','8e2225c4507be0623754ac9cdd0fac3f52dc5937',0,'2016-11-04 05:21:44','1982-03-19 21:53:25'),
	(89,'jo\'kon','8fc2deb41fd18a6a63b4f4678ce4b638fceaf6aa',0,'1981-02-07 02:55:42','1992-05-27 11:57:15'),
	(90,'bernadette.rogahn','6e7bd9fe5eef287f1bfb18f59b8b04f5f26f5d02',0,'2011-08-13 21:23:51','1978-11-15 07:55:27'),
	(91,'lquigley','c1d11d912a2224205b84a954ef16397310653529',1,'1981-09-01 07:33:15','1979-03-27 00:21:15'),
	(92,'walter.celestine','628c2041b8ea20b3ac18467ed9aba1f303373641',1,'2010-04-25 18:32:59','1992-09-27 20:11:00'),
	(93,'penelope.o\'connell','3d59c4d9f77e4cd7f80790ffb01067e5f1d3b6ef',0,'2017-02-08 21:45:01','1983-03-28 21:57:36'),
	(94,'mack07','3582ef102ea341bd425fa5617e2e5101afb08eb2',1,'2002-01-04 02:16:10','2004-10-10 12:47:31'),
	(95,'aschuster','2127ee4595af476b6a6c2db1fe9a7728dfbf291b',1,'1998-08-06 12:51:16','2006-03-11 23:47:07'),
	(96,'swolf','f624bfdef22c97eeff62f7d7fbf6620d87697022',0,'1998-08-04 18:12:06','1977-06-07 06:00:41'),
	(97,'kzemlak','82b195214f388a9755ac2e1002337eb880e92c30',1,'2002-10-28 10:00:38','1981-04-30 02:41:49'),
	(98,'selena.brakus','222688dfc5883351d09531b1c22e0399b0ef302c',1,'1970-06-11 08:15:47','1992-06-05 06:15:37'),
	(99,'anna91','b17903be7e2abf9379ebb75b059b28f68c93d0a8',1,'1987-07-01 19:14:44','2016-01-24 03:07:23'),
	(100,'pamela30','de6a7eddc172981d017536b8ed34e432a969b8f5',0,'1998-08-15 10:40:11','1993-12-16 12:25:22');

/*!40000 ALTER TABLE `users` ENABLE KEYS */;
UNLOCK TABLES;



/*!40111 SET SQL_NOTES=@OLD_SQL_NOTES */;
/*!40101 SET SQL_MODE=@OLD_SQL_MODE */;
/*!40014 SET FOREIGN_KEY_CHECKS=@OLD_FOREIGN_KEY_CHECKS */;
/*!40101 SET CHARACTER_SET_CLIENT=@OLD_CHARACTER_SET_CLIENT */;
/*!40101 SET CHARACTER_SET_RESULTS=@OLD_CHARACTER_SET_RESULTS */;
/*!40101 SET COLLATION_CONNECTION=@OLD_COLLATION_CONNECTION */;
